model,brier,ece,mce
logistic_regression,0.15688,0.03791,0.11545
random_forest,0.1567,0.03295,0.09583
xgboost,0.15705,0.03813,0.10542
