model,roc_auc,f1,brier
LSTM,0.8553,0.7688,0.15619
GRU,0.8552,0.7583,0.15738
